subreddit,author,liczba_komentarzy
Metal,onairmastering,995
Metal,whoelsebut_rxe,942
Metal,Towering_Flesh,895
Metal,sardonic_malcontent,849
Metal,kaptain_carbon,841
Metal,WowboyKid,766
Metal,hermaphroditicspork,731
Metal,an_altar_of_plagues,723
Metal,notyourlandlord,604
Metal,ThePiperMan,603
hiphopheads,TheRoyalGodfrey,11470
hiphopheads,RafiakaMacakaDirk,7368
hiphopheads,47Breezo,6292
hiphopheads,MoMo_ToTo,6056
hiphopheads,grinchnight14,6045
hiphopheads,PLS_PM_ME_PUSSY_PICS,6026
hiphopheads,A_KULT_KILLAH,5668
hiphopheads,leetcode4life,4751
hiphopheads,Homiealmaya,4733
hiphopheads,colbster411,4684
indieheads,InSearchOfGoodPun,3971
indieheads,PaulaAbdulJabar,3883
indieheads,joshuatx,2919
indieheads,WaneLietoc,2575
indieheads,MorrisFae,2190
indieheads,idontreallycare4,2151
indieheads,plzaskmeaboutloom,1962
indieheads,mqr53,1944
indieheads,chug-a-lug-donna,1905
indieheads,Yoooooouuuuuuuu,1860
popheads,McIgglyTuffMuffin,7178
popheads,joshually,5892
popheads,Ghost-Quartet,5734
popheads,musicaldigger,5462
popheads,Bordersz,4709
popheads,KLJohnnes,4500
popheads,outsideeyess,4424
popheads,Dangerousteenageboy,4253
popheads,akanewasright,3432
popheads,shoestring-theory,3363
