subreddit,community,size
Metal,10,1086
Metal,12,1053
Metal,9,859
Metal,3,767
Metal,27,649
Metal,18,582
Metal,11,565
Metal,14,435
Metal,8,388
Metal,0,362
hiphopheads,3,19060
hiphopheads,0,10202
hiphopheads,1,9825
hiphopheads,10,8757
hiphopheads,9,5935
hiphopheads,6,3875
hiphopheads,4,3583
hiphopheads,7,3210
hiphopheads,2,2671
hiphopheads,8,2088
indieheads,0,7917
indieheads,1,3170
indieheads,15,2004
indieheads,10,1617
indieheads,3,1438
indieheads,24,1113
indieheads,20,1042
indieheads,7,1005
indieheads,6,898
indieheads,4,810
popheads,4,5479
popheads,0,4443
popheads,3,4216
popheads,6,3400
popheads,2,2190
popheads,5,1781
popheads,1,1758
popheads,7,882
popheads,13,695
popheads,12,511
