subreddit,item,count
Metal,black metal,4521
Metal,death metal,4241
Metal,last year,1315
Metal,year ago,1097
Metal,heavy metal,1061
Metal,power metal,981
Metal,see live,792
Metal,never hear,619
Metal,look forward,601
Metal,full length,583
Metal,death doom,572
Metal,black death,517
Metal,extreme metal,487
Metal,black sabbath,475
Metal,black curse,469
hiphopheads,hip hop,33264
hiphopheads,year ago,7300
hiphopheads,last year,7269
hiphopheads,year old,6387
hiphopheads,never hear,4521
hiphopheads,young thug,4388
hiphopheads,lil baby,4097
hiphopheads,pretty sure,3972
hiphopheads,travis scott,3428
hiphopheads,come back,3389
hiphopheads,holy shit,3320
hiphopheads,pop smoke,3314
hiphopheads,lil wayne,3248
hiphopheads,ever hear,3235
hiphopheads,high school,3096
indieheads,last year,3359
indieheads,year ago,3050
indieheads,look forward,1783
indieheads,phoebe bridger,1739
indieheads,post punk,1721
indieheads,fiona apple,1721
indieheads,playlist dedicate,1710
indieheads,indie rock,1641
indieheads,come back,1631
indieheads,hip hop,1603
indieheads,tame impala,1558
indieheads,big fan,1509
indieheads,first listen,1397
indieheads,never hear,1381
indieheads,fleet fox,1351
popheads,taylor swift,8181
popheads,last year,5415
popheads,year ago,4899
popheads,lady gaga,4680
popheads,dua lipa,4303
popheads,year old,4136
popheads,future nostalgia,3951
popheads,hip hop,3361
popheads,social medium,3348
popheads,katy perry,3170
popheads,pop star,3157
popheads,ariana grande,3120
popheads,come back,2981
popheads,pop girl,2791
popheads,every single,2718
