author,total_comments,subreddits
MorrisFae,2205,"Metal, hiphopheads, indieheads, popheads"
CaptainOvbious,1714,"Metal, hiphopheads, indieheads, popheads"
Ktulusanders,1179,"Metal, hiphopheads, indieheads, popheads"
riddhishb,688,"Metal, hiphopheads, indieheads, popheads"
OLD_GREGG420,684,"Metal, hiphopheads, indieheads, popheads"
lanternsinthesky,423,"Metal, hiphopheads, indieheads, popheads"
boner_4ever,394,"Metal, hiphopheads, indieheads, popheads"
MangoMiasma,292,"Metal, hiphopheads, indieheads, popheads"
______________-__-,267,"Metal, hiphopheads, indieheads, popheads"
TheHavesHaveThot,199,"Metal, hiphopheads, indieheads, popheads"
adequatepenilesize,159,"Metal, hiphopheads, indieheads, popheads"
JAWS1845,129,"Metal, hiphopheads, indieheads, popheads"
Arsid,127,"Metal, hiphopheads, indieheads, popheads"
Deliberated,117,"Metal, hiphopheads, indieheads, popheads"
sadranjr,114,"Metal, hiphopheads, indieheads, popheads"
azurix,113,"Metal, hiphopheads, indieheads, popheads"
Haruomi_Sportsman,108,"Metal, hiphopheads, indieheads, popheads"
srry_didnt_hear_you,93,"Metal, hiphopheads, indieheads, popheads"
JamesOCocaine,92,"Metal, hiphopheads, indieheads, popheads"
garrettgravley,83,"Metal, hiphopheads, indieheads, popheads"
Soupjam_Stevens,58,"Metal, hiphopheads, indieheads, popheads"
s-coups,58,"Metal, hiphopheads, indieheads, popheads"
Esophallic,45,"Metal, hiphopheads, indieheads, popheads"
forzamaria,43,"Metal, hiphopheads, indieheads, popheads"
Toeknee99,40,"Metal, hiphopheads, indieheads, popheads"
dalledayul,38,"Metal, hiphopheads, indieheads, popheads"
smokeweeduntiludie,24,"Metal, hiphopheads, indieheads, popheads"
Gigadweeb,23,"Metal, hiphopheads, indieheads, popheads"
thewalkindude,21,"Metal, hiphopheads, indieheads, popheads"
firstclassbob,21,"Metal, hiphopheads, indieheads, popheads"
maalbi,14,"Metal, hiphopheads, indieheads, popheads"
sesska,12,"Metal, hiphopheads, indieheads, popheads"
wm07,12,"Metal, hiphopheads, indieheads, popheads"
Ignimbrite,5,"Metal, hiphopheads, indieheads, popheads"
